{"cameraMode":{"drawMode":0,"name":"Shaded","section":"Shading Mode"},"sceneLighting":false,"audioPlay":false,"sceneViewState":{"showFog":true,"showMaterialUpdate":false,"showSkybox":false,"showFlares":true,"showImageEffects":true,"showParticleSystems":true},"in2DMode":false,"pivot":{"x":294.5291748046875,"y":349.79791259765627,"z":-245.49111938476563},"rotation":{"x":0.03802710399031639,"y":-0.801775336265564,"z":0.05129784718155861,"w":0.5942155718803406},"size":109.97051239013672,"orthographic":false}