{"cameraMode":{"drawMode":0,"name":"Shaded","section":"Shading Mode"},"sceneLighting":false,"audioPlay":false,"sceneViewState":{"showFog":true,"showMaterialUpdate":false,"showSkybox":false,"showFlares":true,"showImageEffects":true,"showParticleSystems":true},"in2DMode":false,"pivot":{"x":311.3023376464844,"y":348.8889465332031,"z":-185.08685302734376},"rotation":{"x":0.03802710399031639,"y":-0.801775336265564,"z":0.05129784718155861,"w":0.5942155718803406},"size":642.2315063476563,"orthographic":false}