{"cameraMode":{"drawMode":0,"name":"Shaded","section":"Shading Mode"},"sceneLighting":false,"audioPlay":false,"sceneViewState":{"showFog":true,"showMaterialUpdate":false,"showSkybox":false,"showFlares":true,"showImageEffects":true,"showParticleSystems":true},"in2DMode":false,"pivot":{"x":-0.09782791137695313,"y":2.371598482131958,"z":49.08106231689453},"rotation":{"x":0.03802710399031639,"y":-0.801775336265564,"z":0.05129784718155861,"w":0.5942155718803406},"size":21.83246612548828,"orthographic":false}